customer_id,customer_name,customer_phn_number,total_no_of_orders,total_order_value,cashback_amount,reason_id,cashback_month
249802,Go Native  - HSR Layout,9720461027,0,13860,3265.526673,102,2024-05-09
249804,Go Native - Jayanagar,8971612866,0,10640,2349.96583,102,2024-05-09
249806,Go Native - Lavelle Road,9902763663,0,14280,3026.075195,102,2024-05-09
249807,Go Native - Sadashivnagar,8722706345,0,8120,1879.98,102,2024-05-09
249809,Go Native - Whitefield,9547271606,0,7700,1646.157209,102,2024-05-09
249802,Go Native  - HSR Layout,9720461027,0,11720,2497.570507,102,2024-05-10
249804,Go Native - Jayanagar,8971612866,0,7665,1570.620531,102,2024-05-10
249806,Go Native - Lavelle Road,9902763663,0,7280,1547.268694,102,2024-05-10
249807,Go Native - Sadashivnagar,8722706345,0,5800,1107.098861,102,2024-05-10
249809,Go Native - Whitefield,9547271606,0,5600,1183.315765,102,2024-05-10
